{"client_meta":{"background_color":{"r":0.9607843160629272,"g":0.9607843160629272,"b":0.9607843160629272,"a":1},"thumbnail_size":{"width":400,"height":225},"render_coordinates":{"x":0,"y":0,"width":1366,"height":768}},"file_name":"Untitled","developer_related_links":[],"exported_at":"2026-03-31T20:26:47.350Z"}